{"cameraMode":{"drawMode":0,"name":"Shaded","section":"Shading Mode"},"sceneLighting":true,"audioPlay":false,"sceneViewState":{"m_AlwaysRefresh":false,"showFog":true,"showSkybox":true,"showFlares":true,"showImageEffects":true,"showParticleSystems":true,"showVisualEffectGraphs":true,"m_FxEnabled":true},"in2DMode":false,"pivot":{"x":-110.80469512939453,"y":2.2722201347351076,"z":-58.450931549072269},"rotation":{"x":-0.004099852871149778,"y":0.8514655232429504,"z":-0.006647010799497366,"w":-0.5243995189666748},"size":70.71067810058594,"orthographic":false}